{
    "age": {
        "ks_stat": 0.9625,
        "ks_pvalue": 0.08695652173913046,
        "psi": 11.8893455429232,
        "drift_detected": true
    },
    "gender": {
        "ks_stat": 0.5,
        "ks_pvalue": 1.0,
        "psi": 6.907782041785376,
        "drift_detected": true
    },
    "num_encounters": {
        "ks_stat": 0.34375,
        "ks_pvalue": 1.0,
        "psi": 9.457071722780924,
        "drift_detected": true
    },
    "avg_los": {
        "ks_stat": 0.51875,
        "ks_pvalue": 0.968944099378882,
        "psi": 13.204687454734152,
        "drift_detected": true
    },
    "creatinine": {
        "ks_stat": 0.5375,
        "ks_pvalue": 0.9316770186335404,
        "psi": 12.62967358385221,
        "drift_detected": true
    },
    "heart_rate": {
        "ks_stat": 0.81875,
        "ks_pvalue": 0.37267080745341613,
        "psi": 12.627606390136064,
        "drift_detected": true
    },
    "systolic_bp": {
        "ks_stat": 0.6375,
        "ks_pvalue": 0.7329192546583851,
        "psi": 12.45030297785048,
        "drift_detected": true
    },
    "high_creatinine": {
        "ks_stat": 0.325,
        "ks_pvalue": 1.0,
        "psi": 4.252530045309334,
        "drift_detected": true
    },
    "high_bp": {
        "ks_stat": 0.575,
        "ks_pvalue": 0.8571428571428571,
        "psi": 8.117756408362505,
        "drift_detected": true
    },
    "tachycardia": {
        "ks_stat": 0.64375,
        "ks_pvalue": 0.7204968944099378,
        "psi": 9.2746532827715,
        "drift_detected": true
    },
    "encounter_los_ratio": {
        "ks_stat": 0.525,
        "ks_pvalue": 0.9565217391304348,
        "psi": 12.365313986849419,
        "drift_detected": true
    }
}