{
    "age": {
        "ks_stat": 0.80625,
        "ks_pvalue": 0.3975155279503105,
        "psi": 12.608759377871754,
        "drift_detected": true
    },
    "gender": {
        "ks_stat": 0.5,
        "ks_pvalue": 1.0,
        "psi": 6.907782041785376,
        "drift_detected": true
    },
    "num_encounters": {
        "ks_stat": 0.6625,
        "ks_pvalue": 0.6832298136645961,
        "psi": 9.140872701387329,
        "drift_detected": true
    },
    "avg_los": {
        "ks_stat": 0.91875,
        "ks_pvalue": 0.17391304347826095,
        "psi": 12.87784495230595,
        "drift_detected": true
    },
    "creatinine": {
        "ks_stat": 0.95,
        "ks_pvalue": 0.11180124223602485,
        "psi": 13.658573221522012,
        "drift_detected": true
    },
    "heart_rate": {
        "ks_stat": 0.8375,
        "ks_pvalue": 0.3354037267080748,
        "psi": 12.186245964442843,
        "drift_detected": true
    },
    "systolic_bp": {
        "ks_stat": 0.64375,
        "ks_pvalue": 0.7204968944099378,
        "psi": 12.159827284627287,
        "drift_detected": true
    },
    "high_creatinine": {
        "ks_stat": 0.675,
        "ks_pvalue": 0.6583850931677017,
        "psi": 9.818844232621016,
        "drift_detected": true
    },
    "high_bp": {
        "ks_stat": 0.425,
        "ks_pvalue": 1.0,
        "psi": 5.743149735673711,
        "drift_detected": true
    },
    "tachycardia": {
        "ks_stat": 0.35625,
        "ks_pvalue": 1.0,
        "psi": 4.711017867416169,
        "drift_detected": true
    },
    "encounter_los_ratio": {
        "ks_stat": 0.48125,
        "ks_pvalue": 1.0,
        "psi": 10.258340574217858,
        "drift_detected": true
    }
}